RaceID,HorseID,HorseWin,HorseRankTop3
2016-564,V012,0,0
2016-564,V200,0,1
2016-564,V302,0,0
2016-564,T059,1,1
2016-564,A012,0,0
2016-564,V010,0,0
2016-564,V340,0,0
2016-564,A082,0,0
2016-564,P121,0,0
2016-564,V273,0,0
2016-564,T267,0,0
2016-564,V414,0,0
2016-565,V011,0,0
2016-565,S078,0,0
2016-565,V182,0,0
2016-565,A144,0,0
2016-565,V259,0,0
2016-565,V216,0,0
2016-565,P268,0,0
2016-565,A014,0,0
2016-565,T160,0,0
2016-565,S407,0,0
2016-565,S417,0,0
2016-565,T314,0,0
2016-566,T178,0,0
2016-566,V146,0,1
2016-566,V413,0,0
2016-566,S329,0,0
2016-566,N409,0,0
2016-566,S425,0,1
2016-566,A146,0,0
2016-566,V306,0,0
2016-566,V022,0,0
2016-566,N387,0,0
2016-566,P190,0,0
2016-566,T344,0,0
2016-567,V229,0,0
2016-567,P041,0,0
2016-567,V315,0,0
2016-567,V059,0,0
2016-567,V358,0,0
2016-567,V278,0,0
2016-567,A202,0,1
2016-567,T358,0,0
2016-567,V021,0,0
2016-567,A140,0,0
2016-567,V311,0,0
2016-567,S204,0,0
2016-568,T109,0,1
2016-568,T363,0,0
2016-568,S023,0,0
2016-568,V188,0,0
2016-568,T146,0,0
2016-568,V408,0,0
2016-568,V046,0,0
2016-568,T055,0,1
2016-568,S147,0,1
2016-568,T236,0,1
2016-568,V111,0,0
2016-568,V212,0,0
2016-569,A064,1,1
2016-569,A009,1,1
2016-569,V134,0,0
2016-569,S447,1,0
2016-569,T112,0,0
2016-569,V235,0,0
2016-569,S028,0,0
2016-569,S337,0,1
2016-569,V070,0,1
2016-569,T095,0,0
2016-569,A203,0,0
2016-569,S014,0,0
2016-570,A025,1,1
2016-570,V077,0,1
2016-570,V310,0,0
2016-570,T188,0,0
2016-570,T379,0,0
2016-570,S125,0,1
2016-570,A136,0,0
2016-570,A091,0,0
2016-570,V150,0,0
2016-570,V214,0,1
2016-570,V170,0,0
2016-570,V132,0,0
2016-571,A210,1,1
2016-571,A200,0,1
2016-571,A243,0,1
2016-571,A198,0,0
2016-571,A199,0,0
2016-571,A020,0,0
2016-580,V176,0,0
2016-580,P212,0,0
2016-580,V040,0,0
2016-580,V321,0,0
2016-580,V045,0,0
2016-580,V223,0,1
2016-580,V407,0,0
2016-580,S362,0,0
2016-580,V379,0,0
2016-580,T399,1,1
2016-580,V035,0,0
2016-580,V079,0,0
2016-580,A173,0,0
2016-580,V301,0,0
2016-572,N432,0,0
2016-572,T258,0,0
2016-572,T401,0,0
2016-572,T378,0,0
2016-572,V141,0,0
2016-572,V144,0,0
2016-572,T063,0,0
2016-572,V375,0,0
2016-572,V063,0,0
2016-572,T346,0,0
2016-572,S283,0,0
2016-572,N186,1,1
2016-572,V163,0,0
2016-572,T076,0,0
2016-573,V326,0,0
2016-573,V048,0,1
2016-573,P151,0,1
2016-573,S245,0,0
2016-573,T105,0,0
2016-573,V087,0,0
2016-573,V156,0,0
2016-573,T220,0,0
2016-573,T187,0,0
2016-573,S388,0,1
2016-573,T413,0,0
2016-573,T412,0,0
2016-573,A036,0,0
2016-574,T080,1,1
2016-574,A204,0,1
2016-574,V338,0,0
2016-574,A057,0,0
2016-574,S426,0,0
2016-574,S405,0,0
2016-574,V314,0,0
2016-574,A075,0,0
2016-574,V369,0,0
2016-575,T056,1,1
2016-575,A086,1,1
2016-575,V396,1,1
2016-575,P297,0,0
2016-575,T202,0,0
2016-575,P295,0,0
2016-575,V323,0,0
2016-575,V205,0,0
2016-575,S370,0,0
2016-575,V312,0,0
2016-575,T381,0,0
2016-575,V244,0,0
2016-575,P422,0,0
2016-576,P396,0,1
2016-576,T348,1,1
2016-576,A067,0,1
2016-576,S172,0,0
2016-576,V416,0,0
2016-576,T419,0,1
2016-576,A168,0,1
2016-576,A094,0,0
2016-576,A182,0,0
2016-576,T357,0,1
2016-576,V415,0,0
2016-576,T405,1,1
2016-577,T349,0,0
2016-577,S442,0,0
2016-577,S138,0,1
2016-577,A215,0,0
2016-577,A171,1,1
2016-577,A008,0,0
2016-577,T330,1,1
2016-577,A039,0,0
2016-577,V123,0,0
2016-577,A147,0,0
2016-577,A164,0,0
2016-577,A022,1,1
2016-578,A170,1,1
2016-578,S206,0,1
2016-578,S269,1,1
2016-578,S156,0,0
2016-578,V128,0,1
2016-578,V092,0,1
2016-578,T293,0,0
2016-578,S212,0,1
2016-578,T374,0,1
2016-578,T396,0,0
2016-578,V052,0,1
2016-579,S146,0,0
2016-579,V405,0,1
2016-579,T062,1,1
2016-579,A061,0,1
2016-579,S015,0,0
2016-579,T409,0,0
2016-579,T092,0,0
2016-579,V019,0,0
2016-579,V316,0,1
2016-579,A172,0,0
2016-579,V081,0,0
2016-579,T416,0,0
2016-579,T390,0,0
2016-579,V254,0,0
2016-581,V238,0,1
2016-581,P405,0,0
2016-581,P168,0,0
2016-581,T263,0,0
2016-581,T323,0,0
2016-581,S338,0,0
2016-581,S354,0,1
2016-581,T287,0,0
2016-581,S205,0,1
2016-581,V179,0,0
2016-581,V091,0,0
2016-581,S300,0,1
2016-582,N177,0,0
2016-582,V295,0,0
2016-582,N416,0,0
2016-582,V164,0,0
2016-582,S234,1,0
2016-582,V060,1,1
2016-582,P046,0,0
2016-582,S051,0,0
2016-582,V036,0,0
2016-582,S246,0,0
2016-582,V209,0,0
2016-582,V145,0,0
2016-583,V261,0,0
2016-583,T289,0,0
2016-583,V143,0,0
2016-583,V026,0,1
2016-583,V377,0,0
2016-583,V171,0,0
2016-583,V230,0,0
2016-583,N193,0,0
2016-583,A087,0,0
2016-583,N426,0,0
2016-583,V406,0,0
2016-583,V348,0,0
2016-584,T334,0,0
2016-584,A150,1,1
2016-584,V401,0,0
2016-584,V286,0,0
2016-584,V385,0,0
2016-584,T415,0,1
2016-584,P330,0,0
2016-584,S098,0,0
2016-584,T431,0,0
2016-584,A151,0,0
2016-584,V393,0,0
2016-584,T099,1,1
2016-585,V031,1,1
2016-585,T335,0,0
2016-585,T338,0,1
2016-585,T140,0,1
2016-585,S133,1,1
2016-585,V042,0,0
2016-585,P272,0,1
2016-585,T385,0,0
2016-585,T160,0,0
2016-585,V309,0,0
2016-585,V392,0,0
2016-585,T380,0,0
2016-586,T209,0,0
2016-586,T324,0,1
2016-586,V055,0,1
2016-586,T392,0,0
2016-586,V076,0,1
2016-586,P310,0,0
2016-586,T183,0,0
2016-586,S436,0,0
2016-586,T096,0,0
2016-586,A131,0,0
2016-587,V248,0,0
2016-587,S279,0,1
2016-587,V071,0,0
2016-587,S397,0,1
2016-587,V412,0,0
2016-587,T421,0,0
2016-587,V138,0,1
2016-587,T129,0,1
2016-587,P421,0,0
2016-587,S044,0,1
2016-587,A110,0,0
2016-587,S431,0,1
2016-588,T151,0,1
2016-588,T368,0,1
2016-588,V183,0,0
2016-588,V131,0,0
2016-588,V020,0,1
2016-588,V279,0,0
2016-588,S199,0,0
2016-588,V242,0,0
2016-588,P363,0,0
2016-588,V053,0,0
2016-588,S435,0,0
2016-588,A116,0,1
2016-589,T253,0,0
2016-589,V389,0,0
2016-589,S130,0,0
2016-589,T280,0,0
2016-589,S305,0,0
2016-589,T233,0,0
2016-589,T054,0,0
2016-589,A026,0,0
2016-589,T133,0,0
2016-589,V064,0,0
2016-589,P064,0,0
2016-589,V032,0,0
2016-598,V388,1,1
2016-598,T087,0,1
2016-598,S298,0,0
2016-598,V126,1,1
2016-598,T262,0,0
2016-598,S221,0,0
2016-598,S358,0,1
2016-598,V150,0,0
2016-598,A003,0,0
2016-598,A037,0,0
2016-598,V016,0,0
2016-598,S109,1,1
2016-598,T083,0,0
2016-598,V099,0,0
2016-590,A124,0,1
2016-590,V225,0,1
2016-590,A209,0,1
2016-590,N409,0,0
2016-590,A104,0,0
2016-590,S424,1,1
2016-590,A027,0,0
2016-590,T023,0,0
2016-590,S028,0,0
2016-590,S098,0,0
2016-590,V369,0,0
2016-590,A077,0,0
2016-590,A208,0,0
2016-590,V409,0,0
2016-591,S131,0,0
2016-591,T199,0,0
2016-591,A083,0,0
2016-591,V365,0,0
2016-591,A122,0,0
2016-591,S121,0,0
2016-591,S339,0,0
2016-591,V243,0,0
2016-591,T285,1,1
2016-591,T207,0,0
2016-591,V001,0,1
2016-591,V247,0,0
2016-591,S054,0,0
2016-591,V056,0,0
2016-592,T223,0,0
2016-592,S344,1,1
2016-592,V349,0,0
2016-592,V378,0,0
2016-592,V336,0,0
2016-592,T113,0,0
2016-592,P436,0,0
2016-592,T181,0,1
2016-592,P185,0,0
2016-592,V354,0,0
2016-592,V119,0,0
2016-592,V313,0,0
2016-592,T364,0,0
2016-593,T371,0,0
2016-593,A114,0,1
2016-593,T245,1,1
2016-593,T305,0,0
2016-593,A090,1,1
2016-593,A115,0,1
2016-593,T094,0,0
2016-593,T186,0,0
2016-593,T355,0,0
2016-594,V161,0,0
2016-594,V367,0,0
2016-594,V203,1,1
2016-594,V231,1,1
2016-594,A007,0,0
2016-594,V088,0,0
2016-594,V413,0,0
2016-594,P400,0,0
2016-594,A191,0,0
2016-594,V234,0,1
2016-594,V009,0,0
2016-594,S301,0,0
2016-595,V017,1,1
2016-595,T052,0,0
2016-595,A040,0,0
2016-595,S404,1,1
2016-595,V199,0,0
2016-595,V135,0,1
2016-595,N317,0,0
2016-595,A216,0,0
2016-595,A261,0,0
2016-595,A065,0,0
2016-595,S240,0,0
2016-595,P267,0,0
2016-596,T171,1,1
2016-596,T389,1,1
2016-596,T134,0,1
2016-596,S299,0,0
2016-596,T376,0,0
2016-596,V264,0,0
2016-596,T313,0,0
2016-596,T213,0,0
2016-596,T302,0,0
2016-596,S439,0,0
2016-596,V404,0,0
2016-596,A239,0,0
2016-597,P439,0,0
2016-597,T391,0,0
2016-597,V181,0,0
2016-597,T145,0,0
2016-597,T163,0,0
2016-597,T406,0,0
2016-597,S093,0,0
2016-597,V184,0,0
2016-597,T417,0,0
2016-597,T098,0,1
2016-597,V174,0,0
2016-597,V111,0,0
2016-597,V217,0,0
2016-597,A005,0,0
2016-599,T203,0,0
2016-599,T295,0,0
2016-599,T089,0,1
2016-599,V213,0,0
2016-599,T019,0,0
2016-599,V058,0,0
2016-599,V141,0,0
2016-599,V061,0,0
2016-599,V027,0,0
2016-599,S440,0,0
2016-599,P415,0,0
2016-599,V177,0,0
2016-600,T105,0,0
2016-600,T108,0,1
2016-600,V039,0,0
2016-600,T195,0,1
2016-600,S023,0,0
2016-600,T187,0,0
2016-600,S378,1,1
2016-600,V408,0,0
2016-600,S147,0,1
2016-600,P044,0,1
2016-601,T284,0,0
2016-601,V302,0,0
2016-601,S291,0,0
2016-601,S096,0,0
2016-601,A145,0,1
2016-601,T333,0,0
2016-601,A082,0,0
2016-601,V226,0,0
2016-601,V276,0,0
2016-601,A068,0,0
2016-601,T205,0,0
2016-601,A059,0,0
2016-602,V116,0,0
2016-602,V117,0,0
2016-602,T059,0,0
2016-602,A087,0,0
2016-602,S385,1,1
2016-602,S047,0,1
2016-602,P063,0,0
2016-602,A017,0,0
2016-602,A063,0,0
2016-602,T383,0,0
2016-602,S204,0,0
2016-602,S425,0,1
2016-603,A146,1,1
2016-603,S148,0,0
2016-603,T282,0,0
2016-603,P423,0,1
2016-603,V011,0,0
2016-603,V265,0,1
2016-603,V400,0,0
2016-603,T159,0,0
2016-603,S133,0,0
2016-603,T336,0,0
2016-603,T292,0,0
2016-603,V341,0,0
2016-604,T117,0,0
2016-604,T342,1,1
2016-604,T046,0,0
2016-604,V131,0,0
2016-604,S447,0,0
2016-604,T369,0,1
2016-604,V053,0,0
2016-604,A111,0,0
2016-604,T353,0,0
2016-604,V311,0,0
2016-604,V291,0,1
2016-604,T352,0,0
2016-605,S422,1,1
2016-605,V229,0,1
2016-605,V278,0,0
2016-605,T095,0,0
2016-605,T189,0,1
2016-605,P041,0,1
2016-605,P355,1,1
2016-605,V200,0,0
2016-605,T010,0,0
2016-605,V250,0,0
2016-605,A097,0,0
2016-605,A185,0,0
2016-606,T426,0,1
2016-606,S253,0,1
2016-606,T400,1,1
2016-606,A051,0,0
2016-606,T200,0,0
2016-606,T396,0,0
2016-606,P429,1,1
2016-606,T051,0,0
2016-606,V307,0,1
2016-606,T011,0,1
2016-606,A194,0,0
2016-607,S405,0,0
2016-607,S234,0,0
2016-607,T401,1,1
2016-607,S150,0,1
2016-607,S305,0,0
2016-607,T378,0,0
2016-607,T027,0,1
2016-607,M255,0,0
2016-607,V015,0,0
2016-607,T079,0,1
2016-607,S320,0,0
2016-607,T004,0,0
2016-607,T154,0,0
2016-607,S193,0,0
2016-616,T192,1,1
2016-616,A113,0,1
2016-616,T114,0,0
2016-616,A119,0,0
2016-616,A159,0,1
2016-616,T242,0,1
2016-616,V410,0,1
2016-616,A024,0,0
2016-616,T375,0,0
2016-616,S380,0,0
2016-616,A214,0,0
2016-616,T094,0,0
2016-616,V094,1,1
2016-616,T098,0,0
2016-608,A178,1,1
2016-608,A006,0,1
2016-608,A008,0,0
2016-608,T320,0,1
2016-608,V306,0,0
2016-608,A121,0,0
2016-608,T138,1,1
2016-608,V215,0,0
2016-608,A085,0,0
2016-608,A192,0,0
2016-608,A018,0,0
2016-608,A048,0,0
2016-608,V340,0,0
2016-608,V418,0,0
2016-609,V303,1,1
2016-609,V069,0,0
2016-609,T265,0,0
2016-609,V417,0,0
2016-609,T056,1,1
2016-609,V323,0,0
2016-609,A123,0,1
2016-609,V130,0,0
2016-609,V072,0,0
2016-609,A057,0,1
2016-609,V334,0,0
2016-609,S218,0,0
2016-609,M148,0,0
2016-609,V255,0,0
2016-610,N309,0,1
2016-610,V358,0,0
2016-610,V037,0,0
2016-610,A152,0,1
2016-610,V324,0,0
2016-610,A189,0,0
2016-610,V102,0,0
2016-610,A010,0,0
2016-610,V296,0,0
2016-610,A190,0,0
2016-610,A044,0,0
2016-610,S113,1,1
2016-610,A153,0,0
2016-610,A054,0,0
2016-611,T286,1,1
2016-611,V101,1,1
2016-611,T062,1,1
2016-611,V370,0,0
2016-611,S106,0,0
2016-611,V405,0,1
2016-611,V081,0,0
2016-611,A201,0,0
2016-611,A172,0,0
2016-611,V240,0,0
2016-611,V270,0,0
2016-611,A212,0,0
2016-611,S244,0,0
2016-611,V045,0,0
2016-612,A093,1,1
2016-612,A129,0,0
2016-612,A112,1,1
2016-612,V246,0,0
2016-612,A002,0,0
2016-612,T109,0,0
2016-612,P230,1,0
2016-612,V380,0,1
2016-612,A041,0,0
2016-612,T315,0,0
2016-612,V133,0,0
2016-612,S152,0,0
2016-612,T198,0,1
2016-613,T403,0,1
2016-613,A050,0,1
2016-613,A095,0,1
2016-613,V361,0,0
2016-613,V223,0,1
2016-613,A120,0,0
2016-613,A135,0,0
2016-613,A215,0,0
2016-613,T028,0,0
2016-613,V300,0,0
2016-613,S142,0,0
2016-613,V293,0,1
2016-613,A139,0,0
2016-613,S349,0,0
2016-614,A609,0,0
2016-614,V325,1,1
2016-614,V083,1,1
2016-614,P192,0,1
2016-614,A627,1,1
2016-614,S217,0,0
2016-614,A628,0,1
2016-614,P270,1,1
2016-615,V290,0,0
2016-615,A021,0,1
2016-615,A011,1,1
2016-615,V199,0,0
2016-615,S247,0,0
2016-615,V024,0,0
2016-615,V372,0,0
2016-615,T432,0,0
2016-615,V347,1,1
2016-615,A067,0,0
2016-615,A140,0,0
2016-615,V415,0,0
2016-615,A203,0,0
2016-615,P372,0,0
2016-617,V273,0,0
2016-617,V009,0,1
2016-617,T431,0,0
2016-617,P121,0,0
2016-617,P388,0,0
2016-617,V421,0,0
2016-617,P330,0,0
2016-617,V312,0,0
2016-617,S370,0,0
2016-617,A015,0,0
2016-617,V363,0,0
2016-617,V369,0,0
2016-618,V164,0,0
2016-618,V295,0,0
2016-618,N416,0,0
2016-618,S286,0,1
2016-618,P324,0,0
2016-618,P070,0,1
2016-618,V060,0,0
2016-618,S074,0,0
2016-618,P130,0,1
2016-618,S205,0,0
2016-618,V091,0,0
2016-618,S376,0,0
2016-619,T339,0,0
2016-619,N139,0,1
2016-619,S202,0,1
2016-619,V259,0,0
2016-619,S124,0,0
2016-619,T420,0,0
2016-619,V044,0,0
2016-619,S367,0,0
2016-619,T054,0,0
2016-619,V305,0,0
2016-619,V377,0,0
2016-619,P257,0,0
2016-620,A150,0,1
2016-620,T361,0,1
2016-620,S185,0,0
2016-620,A007,0,0
2016-620,A031,0,0
2016-620,T381,0,0
2016-620,V385,0,0
2016-620,T415,0,0
2016-620,A275,0,0
2016-620,T099,0,0
2016-620,A191,0,0
2016-620,T253,0,0
2016-621,V156,0,0
2016-621,P268,1,1
2016-621,T314,0,0
2016-621,T223,0,0
2016-621,S078,0,0
2016-621,T201,0,0
2016-621,V182,0,0
2016-621,A084,0,0
2016-621,T110,0,0
2016-621,T336,0,0
2016-621,A144,0,0
2016-621,A014,0,0
2016-622,T357,0,1
2016-622,V127,0,0
2016-622,A117,0,0
2016-622,T324,0,1
2016-622,S397,0,1
2016-622,N317,0,0
2016-622,A164,0,0
2016-622,V278,0,1
2016-622,A216,0,0
2016-622,P310,0,0
2016-622,A182,0,0
2016-622,A065,0,0
2016-623,T112,0,0
2016-623,V235,0,1
2016-623,T052,0,1
2016-623,T024,0,0
2016-623,V412,0,0
2016-623,V197,0,0
2016-623,A039,0,0
2016-623,T183,0,0
2016-623,A218,0,0
2016-623,V059,0,0
2016-624,V183,0,0
2016-624,V025,0,0
2016-624,T368,0,0
2016-624,T234,0,0
2016-624,V105,1,1
2016-624,V114,0,0
2016-624,V254,0,0
2016-624,S138,0,1
2016-624,A239,0,0
2016-624,V379,0,0
2016-624,A116,0,0
2016-624,V242,0,0
2016-625,N248,0,0
2016-625,S241,0,1
2016-625,S417,0,0
2016-625,S346,0,0
2016-625,P295,0,0
2016-625,T258,0,0
2016-625,P354,0,0
2016-625,V220,0,0
2016-625,V155,0,0
2016-625,T329,0,0
2016-625,S320,0,0
2016-625,V319,0,0
2016-625,T045,0,0
2016-625,S176,0,0
2016-634,T268,1,1
2016-634,T262,0,0
2016-634,V142,0,0
2016-634,A066,0,0
2016-634,S253,0,1
2016-634,V214,1,1
2016-634,T372,0,0
2016-634,V151,0,1
2016-634,V381,0,0
2016-634,P031,0,0
2016-634,S298,1,1
2016-634,T184,0,1
2016-634,V080,0,0
2016-634,V217,0,0
2016-626,T146,0,0
2016-626,S437,0,1
2016-626,V184,0,1
2016-626,T145,1,1
2016-626,T236,0,0
2016-626,S147,0,0
2016-626,V188,0,0
2016-626,S146,0,0
2016-626,S266,0,0
2016-627,A211,1,1
2016-627,A030,0,1
2016-627,T422,1,0
2016-627,T359,0,0
2016-627,V076,0,0
2016-627,A204,0,1
2016-627,A027,0,0
2016-627,P400,0,0
2016-627,A125,0,0
2016-627,V231,0,1
2016-627,A034,0,0
2016-627,A267,0,0
2016-627,A208,0,0
2016-628,P309,0,0
2016-628,T326,0,0
2016-628,V403,0,0
2016-628,T224,0,1
2016-628,S113,0,0
2016-628,V263,0,0
2016-628,V349,0,0
2016-628,V089,0,0
2016-628,V309,0,0
2016-628,T256,0,0
2016-628,V365,0,0
2016-628,T385,0,0
2016-628,T159,0,0
2016-628,V284,0,0
2016-629,V189,0,0
2016-629,V326,0,0
2016-629,T195,0,0
2016-629,T108,0,0
2016-629,S388,0,0
2016-629,T092,0,0
2016-629,V039,0,1
2016-629,V354,0,0
2016-629,P436,0,0
2016-629,T105,0,0
2016-629,T416,0,0
2016-629,P151,0,1
2016-629,P272,0,1
2016-629,T220,1,0
2016-630,V092,0,0
2016-630,V066,0,1
2016-630,A170,1,1
2016-630,P361,0,0
2016-630,T051,0,0
2016-630,S010,0,0
2016-630,A051,0,0
2016-630,A109,0,0
2016-630,V128,0,1
2016-630,N236,0,0
2016-630,S312,0,0
2016-630,T171,0,0
2016-630,P429,0,1
2016-630,A230,0,0
2016-631,S391,0,1
2016-631,S411,0,1
2016-631,V167,1,1
2016-631,T219,1,1
2016-631,A630,1,1
2016-631,A631,0,0
2016-632,T211,1,1
2016-632,V153,1,1
2016-632,T235,0,1
2016-632,T251,0,1
2016-632,S143,0,1
2016-632,T179,1,1
2016-632,S284,0,0
2016-632,T301,0,0
2016-632,S206,0,1
2016-632,S398,1,1
2016-633,V342,1,1
2016-633,V126,1,0
2016-633,S442,0,0
2016-633,A171,0,0
2016-633,T190,0,0
2016-633,A147,0,0
2016-633,V123,0,0
2016-633,V264,0,0
2016-633,V002,0,0
2016-633,P396,0,1
2016-633,S200,0,0
2016-633,A185,0,0
2016-633,V269,0,0
2016-633,T334,0,0
2016-635,S130,0,0
2016-635,P105,0,0
2016-635,P269,0,0
2016-635,S432,0,0
2016-635,V044,0,0
2016-635,T073,0,0
2016-635,T039,0,0
2016-635,T356,0,0
2016-635,T346,0,0
2016-635,T418,0,0
2016-635,T435,0,0
2016-635,S413,0,0
2016-636,V012,0,0
2016-636,V117,0,0
2016-636,V074,0,0
2016-636,T333,0,0
2016-636,N387,0,0
2016-636,V302,0,0
2016-636,A075,0,0
2016-636,A059,0,0
2016-636,V143,0,0
2016-636,T205,0,0
2016-636,A151,0,0
2016-636,S337,0,0
2016-637,V261,0,1
2016-637,A063,0,0
2016-637,S329,0,0
2016-637,V243,0,0
2016-637,A029,0,0
2016-637,S047,0,0
2016-637,V242,0,0
2016-637,T178,0,0
2016-637,T320,0,0
2016-637,A082,0,0
2016-637,V026,0,1
2016-637,V147,0,0
2016-638,V134,0,0
2016-638,V020,1,1
2016-638,V279,0,0
2016-638,T095,0,0
2016-638,S199,0,0
2016-638,V370,0,0
2016-638,A246,0,0
2016-638,V416,0,0
2016-638,T353,0,1
2016-638,S138,0,0
2016-638,T390,0,0
2016-638,V270,0,0
2016-639,T338,0,0
2016-639,V011,0,0
2016-639,T140,1,1
2016-639,S379,0,0
2016-639,V042,0,0
2016-639,A012,0,0
2016-639,T335,0,0
2016-639,P256,0,0
2016-639,A146,1,1
2016-639,S148,0,0
2016-639,T288,0,0
2016-639,N432,0,0
2016-640,A009,1,1
2016-640,P106,0,0
2016-640,A092,1,1
2016-640,P041,0,0
2016-640,V229,0,0
2016-640,T399,0,0
2016-640,S044,0,0
2016-640,T405,0,1
2016-640,S362,0,0
2016-640,A140,0,0
2016-640,A160,0,0
2016-640,A261,0,0
2016-641,T230,0,1
2016-641,V186,0,0
2016-641,T370,1,1
2016-641,S242,0,0
2016-641,A136,0,0
2016-641,A214,0,0
2016-641,T094,0,0
2016-641,V008,0,0
2016-641,T188,0,0
2016-641,T342,0,1
2016-641,V132,0,0
2016-641,T163,0,0
2016-642,T273,0,0
2016-642,A202,0,0
2016-642,A064,1,1
2016-642,T392,0,0
2016-642,V016,0,0
2016-642,V138,1,1
2016-642,A197,0,0
2016-642,A022,1,1
2016-642,S172,0,0
2016-642,V248,0,0
2016-642,V116,0,0
2016-642,V070,0,0
2016-643,A299,1,1
2016-643,A200,0,1
2016-643,A210,0,1
2016-643,A243,1,1
2016-643,A198,1,1
2016-643,A207,0,0
2016-643,A181,0,0
2016-643,A242,0,0
2016-643,A199,0,0
2016-652,T189,1,1
2016-652,V176,0,0
2016-652,A098,0,1
2016-652,T352,0,0
2016-652,A095,1,1
2016-652,T100,0,0
2016-652,P212,0,0
2016-652,T098,0,0
2016-652,A217,0,0
2016-652,P435,0,0
2016-652,A169,0,0
2016-652,V301,0,0
2016-652,S349,0,0
2016-652,A232,0,0
2016-644,P373,0,1
2016-644,S054,0,0
2016-644,S405,0,1
2016-644,V396,1,1
2016-644,S218,0,0
2016-644,A153,0,0
2016-644,V392,0,0
2016-644,V406,0,0
2016-644,V276,0,0
2016-644,S278,0,0
2016-644,A046,0,0
2016-644,V311,0,0
2016-644,T412,0,0
2016-645,A025,1,1
2016-645,T118,1,1
2016-645,A114,1,1
2016-645,S156,0,1
2016-645,T245,0,1
2016-645,T371,0,0
2016-645,T009,0,0
2016-646,V072,0,0
2016-646,V154,0,0
2016-646,V336,0,0
2016-646,S121,0,0
2016-646,S344,0,0
2016-646,S326,0,0
2016-646,V378,0,0
2016-646,T113,0,0
2016-646,V001,0,0
2016-646,T423,0,0
2016-646,A083,0,0
2016-646,T336,0,0
2016-646,V119,0,0
2016-647,A257,1,1
2016-647,V390,0,1
2016-647,A209,0,1
2016-647,V225,0,1
2016-647,A177,0,1
2016-647,V313,0,0
2016-647,S424,0,0
2016-647,T099,0,0
2016-647,A087,0,0
2016-647,A015,0,0
2016-647,V231,0,1
2016-647,A077,0,0
2016-647,A104,0,0
2016-647,V414,0,0
2016-648,A116,0,0
2016-648,S426,1,1
2016-648,N309,0,0
2016-648,S342,0,0
2016-648,V312,0,0
2016-648,P297,0,0
2016-648,A192,0,0
2016-648,S323,0,0
2016-648,V165,0,0
2016-648,A224,0,0
2016-648,A145,0,0
2016-648,V247,0,0
2016-648,V346,0,0
2016-649,A021,1,1
2016-649,A008,0,0
2016-649,P310,0,1
2016-649,A130,0,0
2016-649,S431,0,0
2016-649,A072,0,0
2016-649,T361,0,1
2016-649,A071,0,0
2016-649,A004,0,0
2016-649,T010,0,0
2016-649,V404,0,0
2016-649,V232,0,0
2016-649,V014,0,1
2016-649,A237,0,0
2016-650,V181,0,0
2016-650,V405,0,1
2016-650,T199,0,0
2016-650,V111,0,0
2016-650,S418,0,0
2016-650,P267,0,0
2016-650,V019,0,0
2016-650,V212,0,0
2016-650,V362,0,0
2016-650,T213,0,1
2016-650,T218,0,0
2016-650,A227,0,0
2016-650,V241,0,0
2016-650,A003,0,0
2016-651,S299,0,1
2016-651,A067,0,0
2016-651,V150,0,0
2016-651,V040,0,0
2016-651,T096,0,0
2016-651,S280,0,0
2016-651,V250,0,0
2016-651,S244,0,0
2016-651,A137,0,0
2016-651,A110,0,0
2016-651,A155,0,0
2016-651,V140,0,0
2016-651,V368,0,0
2016-653,S399,0,1
2016-653,N317,0,0
2016-653,A266,0,0
2016-653,T284,0,0
2016-653,S185,0,1
2016-653,V376,0,0
2016-653,V274,0,0
2016-653,A068,0,0
2016-653,A039,0,0
2016-653,S204,0,0
2016-653,V393,0,0
2016-653,A191,0,0
2016-654,P324,0,0
2016-654,V238,0,0
2016-654,P168,0,0
2016-654,S205,0,0
2016-654,S338,0,0
2016-654,V036,1,1
2016-654,T287,0,0
2016-654,T263,0,0
2016-654,P405,0,0
2016-654,P070,0,0
2016-654,S354,0,0
2016-654,V091,0,0
2016-655,S355,0,1
2016-655,V081,0,0
2016-655,V188,0,0
2016-655,T363,0,0
2016-655,V025,0,0
2016-655,A111,0,1
2016-655,V046,0,0
2016-655,T409,0,0
2016-655,A201,0,0
2016-656,V340,0,0
2016-656,N177,0,0
2016-656,P423,0,0
2016-656,S078,0,1
2016-656,T160,0,0
2016-656,S388,0,0
2016-656,V102,0,0
2016-656,V260,0,0
2016-656,V408,0,0
2016-656,T181,0,0
2016-656,A122,0,0
2016-656,S295,0,1
2016-657,V197,0,0
2016-657,T210,0,0
2016-657,A158,0,0
2016-657,T302,0,0
2016-657,V293,0,0
2016-657,V071,0,1
2016-657,V358,0,0
2016-657,A117,0,0
2016-657,A195,0,0
2016-657,A235,0,0
2016-657,S172,0,0
2016-657,A139,0,0
2016-658,T207,0,0
2016-658,V273,0,0
2016-658,S385,0,0
2016-658,S291,0,0
2016-658,A052,0,0
2016-658,A057,0,0
2016-658,P120,0,0
2016-658,V306,0,0
2016-658,V221,0,0
2016-658,S439,0,0
2016-658,V413,0,0
2016-658,S247,0,1
2016-659,V310,1,1
2016-659,T374,0,1
2016-659,V307,0,1
2016-659,V052,0,0
2016-659,P214,0,0
2016-659,S319,0,1
2016-659,A051,0,0
2016-659,T216,1,1
2016-659,T124,0,1
2016-659,S191,0,0
2016-659,T248,0,0
2016-659,T083,0,0
2016-660,A150,1,1
2016-660,T402,1,1
2016-660,A164,0,0
2016-660,V055,0,0
2016-660,P097,0,0
2016-660,V235,0,0
2016-660,S279,0,0
2016-660,V053,0,0
2016-660,T024,0,0
2016-660,A203,0,0
2016-660,V278,0,0
2016-660,T419,0,0
2016-661,V068,0,1
2016-661,V379,0,0
2016-661,T080,1,1
2016-661,V302,0,1
2016-661,A055,0,0
2016-661,V243,0,0
2016-661,T373,0,0
2016-661,A078,0,0
2016-661,V418,0,0
2016-661,A275,0,0
2016-661,T320,0,1
2016-661,A048,0,0
2016-670,A024,0,0
2016-670,A113,0,1
2016-670,T087,0,0
2016-670,T114,1,1
2016-670,A119,0,0
2016-670,V410,0,0
2016-670,T188,1,1
2016-670,A091,0,0
2016-670,T094,0,0
2016-670,A159,1,1
2016-670,S437,0,0
2016-670,T192,0,0
2016-670,A118,0,0
2016-670,T355,0,0
2016-662,S367,0,0
2016-662,S409,0,0
2016-662,T237,0,0
2016-662,T233,0,1
2016-662,T429,0,0
2016-662,V377,0,0
2016-662,T027,1,1
2016-662,T418,0,0
2016-662,V389,0,0
2016-662,T280,0,0
2016-662,V064,0,0
2016-662,P205,0,0
2016-663,V088,0,0
2016-663,V130,0,0
2016-663,V157,0,1
2016-663,T432,0,1
2016-663,A179,0,0
2016-663,V338,0,1
2016-663,A005,0,0
2016-663,A219,0,0
2016-663,S044,0,0
2016-663,N387,0,0
2016-663,V369,0,0
2016-663,A255,0,0
2016-664,V326,0,1
2016-664,T274,0,0
2016-664,S023,0,0
2016-664,V122,0,0
2016-664,V403,0,0
2016-664,T092,0,0
2016-664,S245,0,0
2016-664,P151,0,0
2016-664,T105,0,0
2016-664,V406,0,0
2016-664,N248,0,0
2016-664,T187,0,0
2016-664,V048,1,1
2016-664,S346,0,0
2016-665,A168,0,1
2016-665,P421,0,0
2016-665,A050,1,1
2016-665,V024,0,0
2016-665,A286,0,0
2016-665,T236,0,0
2016-665,A215,0,0
2016-665,V361,0,1
2016-665,V416,0,0
2016-665,A160,0,0
2016-665,A131,0,0
2016-666,V069,0,0
2016-666,A030,0,1
2016-666,S218,0,1
2016-666,S106,0,0
2016-666,V323,0,0
2016-666,T202,0,1
2016-666,A010,0,0
2016-666,A190,0,0
2016-666,A006,0,1
2016-666,T253,0,0
2016-666,A085,0,0
2016-666,A123,0,0
2016-666,A182,0,0
2016-666,V363,0,0
2016-667,T389,1,1
2016-667,S442,0,0
2016-667,T313,0,0
2016-667,V412,0,0
2016-667,T334,0,0
2016-667,S200,0,0
2016-667,T376,0,0
2016-667,A305,0,0
2016-667,S014,0,0
2016-667,A185,0,0
2016-667,A094,0,0
2016-667,V264,0,0
2016-668,V248,0,0
2016-668,A079,1,1
2016-668,A097,0,1
2016-668,A040,0,0
2016-668,T349,0,0
2016-668,A072,0,0
2016-668,A147,0,0
2016-668,V123,0,0
2016-668,T129,0,0
2016-668,A230,0,0
2016-668,V199,0,0
2016-668,A263,0,0
2016-669,V019,0,1
2016-669,V321,0,0
2016-669,V381,0,0
2016-669,A061,0,1
2016-669,V240,0,0
2016-669,V101,0,1
2016-669,V192,0,0
2016-669,A120,0,0
2016-669,T286,1,1
2016-669,A239,0,0
2016-669,V223,0,0
2016-669,A172,0,0
2016-669,S015,0,1
2016-669,P363,0,0
2016-671,T295,0,0
2016-671,T383,0,0
2016-671,V213,0,1
2016-671,T393,0,0
2016-671,S176,0,0
2016-671,P293,0,0
2016-671,V144,0,0
2016-671,S286,0,0
2016-671,T019,0,0
2016-671,S328,0,0
2016-671,S446,0,0
2016-671,S150,0,1
2016-672,A007,0,0
2016-672,V401,0,0
2016-672,T183,0,0
2016-672,V421,0,0
2016-672,V147,0,0
2016-672,S096,0,0
2016-672,V348,0,0
2016-672,P388,0,1
2016-672,P121,0,0
2016-672,A014,0,0
2016-672,V205,0,0
2016-672,T059,0,0
2016-673,S385,1,1
2016-673,S329,0,0
2016-673,T333,0,1
2016-673,S113,0,0
2016-673,S028,0,0
2016-673,T431,0,0
2016-673,V286,0,1
2016-673,V117,0,0
2016-673,A204,0,0
2016-673,V121,0,0
2016-673,S047,0,0
2016-673,V171,0,0
2016-674,T326,0,1
2016-674,S073,1,1
2016-674,A146,0,0
2016-674,S370,0,0
2016-674,V417,0,0
2016-674,T288,0,0
2016-674,T335,0,0
2016-674,P423,0,0
2016-674,T282,0,0
2016-674,T159,0,0
2016-674,T223,0,0
2016-674,S147,1,1
2016-675,V114,0,1
2016-675,V131,0,0
2016-675,T095,0,0
2016-675,V105,0,1
2016-675,T368,0,1
2016-675,A218,0,0
2016-675,T234,1,1
2016-675,P099,0,0
2016-675,A232,0,0
2016-675,A249,0,0
2016-676,V183,0,0
2016-676,T046,0,0
2016-676,V279,0,0
2016-676,T055,0,1
2016-676,S447,0,1
2016-676,T369,0,0
2016-676,T391,0,0
2016-676,T421,0,0
2016-676,T082,0,0
2016-676,T390,0,0
2016-677,T392,0,1
2016-677,T324,0,1
2016-677,A022,0,0
2016-677,T357,0,1
2016-677,V350,0,0
2016-677,T361,1,1
2016-677,A140,0,0
2016-677,S414,0,0
2016-677,A216,0,0
2016-677,V014,0,0
2016-678,T399,0,1
2016-678,V370,0,0
2016-678,V200,0,0
2016-678,T112,0,0
2016-678,P429,0,1
2016-678,V229,0,0
2016-678,A171,0,0
2016-678,A110,0,0
2016-678,A023,0,0
2016-678,T405,0,0
2016-678,V278,0,0
2016-678,V206,0,0
2016-679,V184,1,1
2016-679,T145,1,1
2016-679,S147,0,0
2016-679,T146,0,0
2016-679,A246,0,0
2016-679,V223,0,0
2016-679,A239,0,0
2016-679,T108,0,0
2016-688,V290,0,0
2016-688,T051,0,0
2016-688,S269,1,1
2016-688,V151,1,1
2016-688,T396,0,0
2016-688,T200,0,0
2016-688,S212,0,1
2016-688,T293,0,0
2016-688,T372,0,0
2016-688,A109,0,0
2016-688,S156,1,1
2016-688,T171,0,0
2016-688,A252,0,0
2016-688,T011,0,1
2016-680,A221,1,1
2016-680,V385,0,0
2016-680,P063,1,1
2016-680,A087,0,0
2016-680,S240,0,0
2016-680,A081,0,0
2016-680,A125,0,1
2016-680,A018,0,0
2016-680,V364,0,0
2016-680,S424,0,0
2016-680,A082,0,0
2016-680,A015,0,0
2016-680,A209,0,1
2016-680,A267,0,0
2016-681,A189,0,0
2016-681,T056,1,1
2016-681,V244,0,0
2016-681,V354,0,0
2016-681,T028,1,1
2016-681,V263,0,0
2016-681,V216,0,0
2016-681,T220,0,0
2016-681,V309,0,0
2016-681,S138,0,0
2016-681,V400,0,0
2016-681,V265,0,0
2016-681,V320,0,0
2016-681,P272,0,1
2016-682,V372,0,0
2016-682,A196,0,1
2016-682,V002,0,0
2016-682,V150,0,0
2016-682,V176,0,0
2016-682,P435,1,1
2016-682,V301,0,0
2016-682,T096,0,0
2016-682,A116,0,0
2016-682,V045,0,0
2016-682,A137,0,0
2016-682,A184,0,0
2016-683,V142,0,1
2016-683,T262,0,1
2016-683,V214,0,1
2016-683,S093,0,0
2016-683,S221,0,0
2016-683,S358,0,0
2016-683,S352,0,0
2016-683,P031,0,0
2016-683,T371,1,1
2016-683,A134,0,0
2016-683,V172,0,0
2016-684,V037,0,1
2016-684,A152,1,1
2016-684,T265,0,0
2016-684,A178,0,1
2016-684,V303,0,0
2016-684,S405,0,0
2016-684,V089,0,1
2016-684,S054,0,0
2016-684,S203,1,1
2016-684,V324,0,0
2016-684,A121,0,0
2016-684,A027,0,1
2016-684,S342,0,0
2016-684,A153,0,0
2016-685,V083,0,1
2016-685,P192,0,0
2016-685,A093,1,1
2016-685,A129,0,1
2016-685,A112,1,1
2016-686,T245,1,1
2016-686,V344,1,1
2016-686,T251,0,1
2016-686,A170,1,1
2016-686,T301,0,0
2016-686,T235,1,1
2016-686,T005,0,1
2016-686,V153,0,1
2016-686,T179,0,1
2016-686,S206,0,1
2016-687,T062,1,1
2016-687,V126,1,1
2016-687,S362,0,0
2016-687,A228,0,0
2016-687,T348,0,1
2016-687,P212,0,0
2016-687,T163,0,1
2016-687,V250,0,0
2016-687,A217,0,0
2016-687,T100,0,0
2016-687,V016,0,0
2016-687,A169,0,0
2016-687,T189,0,0
2016-687,V269,0,0
2016-689,V378,0,0
2016-689,V336,0,1
2016-689,T385,0,0
2016-689,S121,1,1
2016-689,V406,0,0
2016-689,S131,0,0
2016-689,V403,0,0
2016-689,T113,0,0
2016-689,V212,0,0
2016-689,P268,1,1
2016-690,V060,1,1
2016-690,S205,0,0
2016-690,S074,0,0
2016-690,V179,0,0
2016-690,T045,0,0
2016-690,T089,0,0
2016-690,T203,0,0
2016-690,V365,0,0
2016-690,P130,0,0
2016-690,V220,0,0
2016-690,S300,0,0
2016-690,V061,0,0
2016-690,S376,0,0
2016-690,P205,0,0
2016-691,S277,1,1
2016-691,T381,0,0
2016-691,T359,0,0
2016-691,P400,0,0
2016-691,V123,0,0
2016-691,S439,0,0
2016-691,V367,0,0
2016-691,S055,0,1
2016-691,V415,0,0
2016-691,S130,0,0
2016-691,V234,0,0
2016-691,A274,0,0
2016-692,V323,0,0
2016-692,P267,0,0
2016-692,V001,0,1
2016-692,T423,0,0
2016-692,A083,0,0
2016-692,P425,0,0
2016-692,S326,0,0
2016-692,V072,0,0
2016-692,T187,0,0
2016-692,T364,0,0
2016-692,V349,0,0
2016-692,V369,0,0
2016-692,N111,0,0
2016-693,V161,0,0
2016-693,V255,0,0
2016-693,T099,0,0
2016-693,V231,0,0
2016-693,S367,0,0
2016-693,V226,1,1
2016-693,V296,1,1
2016-693,V022,0,0
2016-693,V376,0,0
2016-693,T253,0,1
2016-693,A117,0,0
2016-693,S337,0,0
2016-694,T134,0,1
2016-694,V254,0,0
2016-694,S418,0,1
2016-694,T313,0,0
2016-694,S200,1,1
2016-694,T330,0,1
2016-694,V232,0,0
2016-694,A305,0,0
2016-694,A094,0,0
2016-694,V404,0,0
2016-694,A037,0,1
2016-695,V181,0,0
2016-695,A136,0,0
2016-695,T370,0,0
2016-695,T305,0,0
2016-695,S264,0,1
2016-695,T094,0,0
2016-695,A066,1,1
2016-695,P439,0,1
2016-695,T242,1,1
2016-695,T379,0,0
2016-696,T417,0,0
2016-696,V187,0,0
2016-696,V111,0,0
2016-696,V405,0,1
2016-696,T376,0,0
2016-696,V337,0,0
2016-696,T236,1,1
2016-696,S244,0,0
2016-696,T098,0,0
2016-696,V025,0,1
2016-696,S312,1,1
2016-696,A212,0,0
2016-696,S014,0,0
2016-696,V174,0,0
2016-697,A200,1,1
2016-697,A207,0,0
2016-697,A181,0,0
2016-697,A198,1,1
2016-697,A070,0,0
2016-697,A242,0,1
2016-706,A098,0,0
2016-706,A139,0,0
2016-706,V079,0,0
2016-706,T349,1,1
2016-706,A162,0,0
2016-706,V240,0,1
2016-706,A193,0,0
2016-706,A067,0,0
2016-706,T213,0,0
2016-706,A140,0,0
2016-706,A004,0,0
2016-706,V297,1,1
2016-706,A235,0,0
2016-706,V236,0,0
2016-698,A257,1,1
2016-698,T373,0,0
2016-698,T422,0,1
2016-698,S133,0,0
2016-698,S349,0,0
2016-698,T320,0,0
2016-698,T178,1,1
2016-698,A078,0,0
2016-698,V386,0,0
2016-698,A174,0,0
2016-698,A046,0,0
2016-699,T401,0,0
2016-699,T258,0,0
2016-699,V144,0,0
2016-699,T280,0,0
2016-699,V063,0,0
2016-699,S417,0,0
2016-699,A026,0,0
2016-699,V058,0,0
2016-699,P295,1,1
2016-699,T383,0,0
2016-699,T285,0,0
2016-699,V375,0,0
2016-699,S305,0,0
2016-699,V129,0,0
2016-700,A266,0,1
2016-700,A068,0,0
2016-700,T129,0,0
2016-700,V338,0,0
2016-700,A278,0,0
2016-700,S301,0,0
2016-700,V313,0,0
2016-700,V130,0,0
2016-700,A151,0,0
2016-700,A348,0,0
2016-700,A191,0,0
2016-700,A085,0,0
2016-701,A214,0,0
2016-701,T198,0,1
2016-701,P230,0,0
2016-701,A091,0,0
2016-701,V246,0,1
2016-701,S437,0,0
2016-701,T315,0,0
2016-701,V125,1,1
2016-701,A002,0,0
2016-702,P297,0,0
2016-702,A088,0,1
2016-702,A027,0,0
2016-702,S323,1,1
2016-702,V341,0,0
2016-702,N432,0,0
2016-702,A122,0,0
2016-702,A110,0,0
2016-702,V276,0,0
2016-702,V311,0,0
2016-702,A222,0,0
2016-702,M148,0,0
2016-702,V242,0,0
2016-703,A113,0,1
2016-703,T192,0,0
2016-703,T219,1,1
2016-703,T114,0,1
2016-703,S145,0,1
2016-703,S393,1,1
2016-703,T374,1,0
2016-704,S142,0,0
2016-704,A262,0,1
2016-704,T302,1,1
2016-704,S280,0,1
2016-704,V248,0,0
2016-704,A261,0,0
2016-704,V256,0,0
2016-704,A263,0,0
2016-704,T361,0,1
2016-704,A343,0,0
2016-704,A185,0,0
2016-704,A230,0,0
2016-704,V195,0,0
2016-705,V099,0,1
2016-705,A008,0,0
2016-705,V017,1,0
2016-705,T331,1,1
2016-705,P310,0,0
2016-705,S216,0,0
2016-705,A124,1,1
2016-705,V235,0,0
2016-705,A100,0,1
2016-705,A215,0,0
2016-705,V135,0,0
2016-705,A244,0,0
2016-705,A253,0,0
2016-705,A245,0,0
2016-707,V042,0,0
2016-707,V032,0,0
2016-707,T019,0,0
2016-707,S241,0,1
2016-707,T292,0,0
2016-707,T418,0,0
2016-707,S050,0,0
2016-707,V377,0,0
2016-707,S176,0,0
2016-707,V305,0,0
2016-707,T336,0,0
2016-707,V155,0,0
2016-708,T300,0,0
2016-708,S202,0,0
2016-708,N186,0,0
2016-708,N387,0,0
2016-708,N139,0,0
2016-708,T420,0,0
2016-708,T123,0,0
2016-708,V044,0,0
2016-708,S124,0,0
2016-708,P257,0,0
2016-708,V259,0,1
2016-708,S251,0,0
2016-709,V022,0,0
2016-709,T080,0,1
2016-709,V401,0,0
2016-709,A049,0,1
2016-709,T347,0,1
2016-709,V273,0,0
2016-709,V306,0,0
2016-709,V274,0,0
2016-709,A063,0,0
2016-709,V314,0,0
2016-709,T339,0,0
2016-709,A057,0,0
2016-710,S370,0,0
2016-710,V260,0,0
2016-710,T140,0,1
2016-710,V011,0,0
2016-710,A146,0,1
2016-710,T314,0,0
2016-710,S378,0,0
2016-710,S379,0,0
2016-710,A005,0,0
2016-710,T160,0,0
2016-710,P256,0,0
2016-710,V334,0,0
2016-711,V046,0,0
2016-711,T409,0,0
2016-711,V013,0,0
2016-711,P099,0,0
2016-711,T390,0,0
2016-711,V081,0,0
2016-711,V156,0,0
2016-711,S414,0,0
2016-711,V183,0,0
2016-711,T363,0,1
2016-711,A111,0,0
2016-711,V188,0,0
2016-712,V012,1,0
2016-712,V293,0,1
2016-712,T210,1,1
2016-712,V370,0,1
2016-712,T358,0,1
2016-712,S431,0,0
2016-712,V055,0,0
2016-712,A164,0,0
2016-712,A022,1,1
2016-712,V053,0,0
2016-712,A158,0,0
2016-712,V358,0,0
2016-713,T052,0,1
2016-713,A202,1,1
2016-713,A064,1,1
2016-713,V288,0,0
2016-713,P212,0,0
2016-713,P106,0,0
2016-713,V261,0,0
2016-713,P429,0,0
2016-713,T357,0,0
2016-713,V127,0,0
2016-713,A195,0,0
2016-713,A155,0,0
2016-714,T399,0,0
2016-714,P361,0,1
2016-714,S253,0,1
2016-714,T426,1,1
2016-714,N236,0,0
2016-714,T400,0,1
2016-714,S319,0,0
2016-714,V052,0,1
2016-714,T171,1,1
2016-714,A213,0,0
2016-715,V385,1,1
2016-715,A177,1,1
2016-715,A104,0,0
2016-715,A315,0,0
2016-715,A204,1,1
2016-715,A013,0,0
2016-715,A125,0,0
2016-715,V393,0,0
2016-715,A182,0,0
2016-715,A281,0,0
2016-715,A015,0,0
2016-715,A267,0,0
2016-715,A205,0,0
2016-715,V228,0,0
2016-724,V316,0,1
2016-724,V321,0,0
2016-724,P309,1,1
2016-724,P363,0,0
2016-724,V134,0,0
2016-724,V019,0,1
2016-724,V361,0,1
2016-724,A118,0,0
2016-724,A218,0,0
2016-724,A172,0,0
2016-724,V217,1,0
2016-724,V333,0,0
2016-724,A227,0,0
2016-724,A239,0,0
2016-716,T073,0,0
2016-716,S409,0,0
2016-716,S320,0,0
2016-716,V215,0,0
2016-716,T079,1,1
2016-716,T356,0,1
2016-716,T022,0,0
2016-716,T027,0,0
2016-716,V317,0,0
2016-716,T340,0,0
2016-716,A014,0,0
2016-716,V389,0,0
2016-717,S054,0,1
2016-717,A208,0,0
2016-717,V076,0,0
2016-717,T359,1,1
2016-717,S121,0,0
2016-717,S367,0,0
2016-717,S204,0,0
2016-717,A053,0,0
2016-717,V413,0,0
2016-717,V157,0,0
2016-717,S055,0,0
2016-717,A259,0,0
2016-718,V189,0,0
2016-718,V039,0,0
2016-718,S023,1,1
2016-718,T416,1,1
2016-718,V238,0,0
2016-718,T092,0,0
2016-718,T105,0,0
2016-718,P151,0,0
2016-718,P405,0,0
2016-718,V122,0,0
2016-718,S147,0,0
2016-718,T108,0,0
2016-718,V392,0,0
2016-719,S388,0,0
2016-719,A030,1,1
2016-719,T224,0,0
2016-719,T256,0,0
2016-719,T220,0,0
2016-719,V416,0,0
2016-719,T412,0,0
2016-719,T298,0,0
2016-719,V089,0,0
2016-719,V216,0,0
2016-719,V354,0,0
2016-719,A152,0,1
2016-719,V263,0,0
2016-720,V229,0,1
2016-720,A079,1,1
2016-720,A296,0,1
2016-720,V390,0,1
2016-720,A130,0,0
2016-720,V059,1,1
2016-720,A203,0,0
2016-720,V250,0,0
2016-720,A072,0,0
2016-720,T302,1,1
2016-720,A163,0,0
2016-721,V397,1,1
2016-721,A115,0,0
2016-721,T184,0,0
2016-721,V066,0,1
2016-721,A194,0,0
2016-721,S264,0,1
2016-721,A109,0,0
2016-721,T151,0,0
2016-721,T293,1,1
2016-721,T371,0,0
2016-721,P031,0,0
2016-721,V008,0,0
2016-722,S191,1,1
2016-722,V264,0,0
2016-722,T254,0,1
2016-722,S200,1,1
2016-722,V350,0,0
2016-722,A097,0,0
2016-722,V412,0,0
2016-722,S442,0,0
2016-722,T313,0,0
2016-722,T010,0,1
2016-722,A197,0,0
2016-722,V423,0,0
2016-723,T193,0,1
2016-723,T082,0,0
2016-723,V176,0,0
2016-723,P435,0,0
2016-723,A050,1,1
2016-723,A286,0,0
2016-723,A135,1,1
2016-723,A147,0,0
2016-723,A003,0,0
2016-723,P373,1,1
2016-723,V024,0,0
2016-725,T333,1,1
2016-725,S245,0,0
2016-725,T056,1,1
2016-725,V119,0,0
2016-725,S023,0,0
2016-725,V417,1,1
2016-725,N177,0,1
2016-725,S138,1,1
2016-725,T159,0,0
2016-725,T335,0,0
2016-726,V164,0,1
2016-726,T369,0,1
2016-726,N432,0,1
2016-726,V171,0,0
2016-726,T187,0,0
2016-726,T338,0,1
2016-726,V182,1,1
2016-726,S078,0,0
2016-726,V276,0,0
2016-726,T282,0,0
2016-727,S385,0,0
2016-727,A059,0,0
2016-727,V074,0,0
2016-727,V022,0,0
2016-727,S349,0,1
2016-727,S044,0,0
2016-727,T289,0,0
2016-727,S096,0,0
2016-727,A209,0,0
2016-727,V309,0,0
2016-727,A219,0,0
2016-727,S291,0,0
2016-728,S216,0,0
2016-728,A051,0,0
2016-728,T334,0,1
2016-728,S397,0,0
2016-728,T324,0,1
2016-728,T392,0,0
2016-728,T427,0,0
2016-728,S404,1,1
2016-728,V014,0,0
2016-728,A233,0,0
2016-729,A179,1,1
2016-729,A052,1,0
2016-729,S399,0,1
2016-729,T183,0,0
2016-729,T284,0,0
2016-729,V302,0,0
2016-729,A029,1,1
2016-729,S324,0,0
2016-729,S185,0,0
2016-729,A144,0,0
2016-729,V086,0,0
2016-729,T207,0,0
2016-730,V020,0,1
2016-730,A134,0,0
2016-730,T046,1,1
2016-730,T218,0,0
2016-730,V279,1,1
2016-730,T368,0,0
2016-730,S447,0,0
2016-730,T095,0,0
2016-730,V025,0,0
2016-730,V407,0,0
2016-730,V223,0,0
2016-731,A066,0,0
2016-731,V186,0,1
2016-731,T188,1,1
2016-731,V381,0,0
2016-731,T094,0,0
2016-731,T230,0,0
2016-731,T109,1,1
2016-731,T197,0,0
2016-731,T370,0,0
2016-731,T379,0,0
2016-731,V181,0,0
2016-731,S242,0,0
2016-732,A040,0,0
2016-732,T024,0,1
2016-732,V347,1,1
2016-732,A150,1,1
2016-732,V278,0,0
2016-732,P041,0,1
2016-732,V071,0,1
2016-732,T405,0,0
2016-732,T248,1,1
2016-732,T112,0,0
2016-732,A094,0,0
2016-732,V200,1,1
2016-733,A299,1,1
2016-733,A301,0,1
2016-733,A220,0,1
2016-733,A198,1,1
2016-733,A020,1,1
2016-733,A070,0,0
2016-742,V290,0,0
2016-742,V092,0,1
2016-742,V342,1,1
2016-742,T396,0,0
2016-742,S212,1,1
2016-742,V151,1,1
2016-742,A021,1,1
2016-742,T200,0,0
2016-742,T400,0,0
2016-742,T051,0,0
2016-742,A183,0,0
2016-742,A250,0,0
2016-734,V213,0,0
2016-734,P354,0,0
2016-734,S346,0,1
2016-734,P128,0,0
2016-734,P293,0,1
2016-734,V063,1,1
2016-734,T323,0,0
2016-734,S205,0,0
2016-734,V179,0,0
2016-734,N416,0,0
2016-734,V058,0,0
2016-734,S328,0,0
2016-734,S417,1,1
2016-734,S286,0,0
2016-735,N309,1,1
2016-735,A110,0,0
2016-735,V102,0,0
2016-735,V265,0,0
2016-735,V324,1,1
2016-735,T202,0,0
2016-735,A190,0,0
2016-735,A055,0,0
2016-735,A004,0,0
2016-735,S218,0,0
2016-735,S106,0,0
2016-735,A018,0,0
2016-735,A224,0,0
2016-735,A272,0,0
2016-736,V154,0,0
2016-736,S326,0,0
2016-736,V001,0,1
2016-736,S244,0,0
2016-736,P425,0,0
2016-736,T385,0,1
2016-736,V349,0,0
2016-736,V323,0,0
2016-736,T220,0,0
2016-736,P272,0,0
2016-736,V242,0,0
2016-736,V226,0,1
2016-736,V334,0,0
2016-736,S344,1,1
2016-737,V379,0,1
2016-737,P400,0,0
2016-737,A123,0,0
2016-737,V088,0,0
2016-737,T373,1,1
2016-737,T345,0,1
2016-737,T129,0,0
2016-737,A221,0,0
2016-737,T059,1,1
2016-737,A275,0,0
2016-737,V402,0,0
2016-737,A185,0,0
2016-738,S355,1,1
2016-738,V184,0,1
2016-738,V326,0,0
2016-738,S437,0,0
2016-738,V013,0,0
2016-738,T145,0,1
2016-738,A201,0,0
2016-738,S266,0,0
2016-738,V192,0,0
2016-739,T281,0,1
2016-739,P267,0,0
2016-739,V111,0,0
2016-739,S312,1,1
2016-739,T376,0,0
2016-739,T417,0,0
2016-739,T391,0,0
2016-739,P421,0,0
2016-739,A169,0,0
2016-739,V232,0,0
2016-740,V068,0,1
2016-740,V235,0,0
2016-740,A244,1,1
2016-740,A260,0,0
2016-740,A171,1,1
2016-740,A215,0,0
2016-740,V256,0,0
2016-740,V248,0,1
2016-740,A253,0,0
2016-740,A216,0,0
2016-740,T419,0,0
2016-741,V410,1,1
2016-741,T406,0,0
2016-741,T087,0,1
2016-741,V214,0,1
2016-741,A041,1,1
2016-741,A024,0,0
2016-741,T305,0,0
2016-741,T355,0,0
2016-741,S332,0,0
2016-741,A091,0,0
2016-741,T342,0,0
2016-743,T346,1,1
2016-743,S432,0,0
2016-743,N265,0,1
2016-743,T356,0,0
2016-743,V252,0,0
2016-743,T285,0,0
2016-743,M273,0,0
2016-743,V141,0,0
2016-743,S087,0,0
2016-743,S413,0,0
2016-743,P064,0,0
2016-743,V145,0,0
2016-744,T292,0,0
2016-744,T295,1,1
2016-744,V220,0,0
2016-744,S446,0,0
2016-744,S070,0,1
2016-744,T393,1,1
2016-744,T019,0,0
2016-744,N426,0,0
2016-744,S303,0,1
2016-744,T263,0,1
2016-744,V147,0,0
2016-744,A101,0,0
2016-745,V143,0,0
2016-745,V221,0,1
2016-745,A128,0,1
2016-745,V121,0,0
2016-745,P121,0,0
2016-745,S295,0,0
2016-745,A182,0,0
2016-745,T253,0,0
2016-745,A191,0,0
2016-745,V185,0,1
2016-745,S329,0,0
2016-745,A023,0,0
2016-746,S388,0,0
2016-746,T105,0,0
2016-746,S378,0,1
2016-746,V247,0,0
2016-746,T274,0,0
2016-746,S414,0,0
2016-746,V408,0,0
2016-746,P423,0,0
2016-746,V400,0,0
2016-746,V406,0,0
2016-746,T160,0,0
2016-746,V048,0,1
2016-747,A072,0,1
2016-747,T273,1,1
2016-747,V055,0,0
2016-747,P396,0,1
2016-747,T100,0,0
2016-747,A337,0,0
2016-747,V116,0,0
2016-747,V362,0,0
2016-747,A089,0,0
2016-747,A158,0,0
2016-747,V394,0,0
2016-747,A155,0,0
2016-748,T028,1,1
2016-748,S073,1,1
2016-748,T383,0,0
2016-748,V182,0,0
2016-748,V042,0,0
2016-748,A146,0,0
2016-748,T314,0,0
2016-748,N248,0,0
2016-748,S278,0,0
2016-748,A140,0,0
2016-748,S370,0,0
2016-749,S279,0,0
2016-749,T372,0,0
2016-749,A217,0,0
2016-749,A009,1,1
2016-749,A305,0,0
2016-749,T330,0,1
2016-749,P097,0,0
2016-749,V293,0,0
2016-749,V350,0,0
2016-749,A261,0,0
2016-749,V236,0,0
2016-749,A263,0,0
2016-750,T093,0,0
2016-750,S221,0,0
2016-750,T234,0,0
2016-750,V131,1,1
2016-750,V105,1,1
2016-750,S093,0,0
2016-750,P363,0,0
2016-750,T236,0,1
2016-750,A162,0,0
2016-750,T213,0,0
2016-750,T096,0,0
2016-750,A249,0,0
2016-751,V243,0,0
2016-751,T258,0,0
2016-751,A012,1,1
2016-751,V144,0,0
2016-751,T418,0,0
2016-751,V215,0,0
2016-751,V309,0,0
2016-751,T280,0,0
2016-751,S176,0,0
2016-751,V377,0,0
2016-751,T004,0,0
2016-751,T079,1,1
2016-751,S251,0,0
2016-751,T136,0,0
2016-760,T062,1,1
2016-760,S358,0,0
2016-760,V040,1,1
2016-760,A168,0,1
2016-760,S362,0,0
2016-760,T189,0,0
2016-760,A196,0,0
2016-760,V150,0,0
2016-760,A193,0,0
2016-760,S299,0,0
2016-760,A173,0,0
2016-760,A137,0,0
2016-760,V002,0,0
2016-760,A343,0,0
2016-752,A316,1,1
2016-752,P063,0,0
2016-752,A047,1,1
2016-752,A117,0,0
2016-752,A315,0,1
2016-752,A075,0,0
2016-752,V393,0,0
2016-752,A151,0,0
2016-752,A127,0,0
2016-752,A289,0,0
2016-752,T205,0,0
2016-752,A015,0,0
2016-752,N139,0,0
2016-752,A205,0,0
2016-753,T118,1,1
2016-753,S393,1,1
2016-753,S145,0,0
2016-753,T192,0,0
2016-753,V325,1,1
2016-754,A139,0,1
2016-754,T302,0,1
2016-754,T348,0,0
2016-754,A257,0,1
2016-754,V135,0,0
2016-754,A094,0,0
2016-754,P310,1,1
2016-754,S419,0,0
2016-754,S420,0,0
2016-754,A131,0,0
2016-754,A251,0,0
2016-754,A237,0,0
2016-754,V269,0,0
2016-755,V225,0,1
2016-755,V255,0,0
2016-755,S367,0,0
2016-755,T381,0,0
2016-755,V231,1,1
2016-755,S277,1,1
2016-755,V161,0,0
2016-755,A078,0,0
2016-755,A280,0,0
2016-755,V306,0,0
2016-755,T099,0,0
2016-755,A208,0,0
2016-756,A178,0,1
2016-756,A027,0,0
2016-756,A266,0,1
2016-756,V303,0,0
2016-756,T347,0,0
2016-756,T265,0,0
2016-756,T401,1,1
2016-756,S426,0,0
2016-756,T092,0,0
2016-756,P297,1,1
2016-756,A153,0,0
2016-756,S405,0,0
2016-756,V338,0,0
2016-756,A068,0,0
2016-757,T251,0,1
2016-757,A025,1,1
2016-757,A170,1,1
2016-757,V077,1,1
2016-757,T268,0,1
2016-757,T301,0,0
2016-757,S284,0,1
2016-757,V066,0,0
2016-758,A120,0,0
2016-758,T286,0,0
2016-758,V407,0,0
2016-758,S146,0,0
2016-758,T082,0,0
2016-758,V316,1,1
2016-758,V140,0,0
2016-758,A228,0,1
2016-758,V321,0,0
2016-758,A286,0,0
2016-758,A096,0,0
2016-758,T421,0,0
2016-759,V078,0,1
2016-759,S156,0,0
2016-759,T306,1,1
2016-759,T186,0,1
2016-759,T134,0,1
2016-759,V099,0,0
2016-759,T402,1,1
2016-759,T242,0,1
2016-759,P361,0,0
2016-759,T389,0,0
2016-759,V411,0,0
2016-761,T187,0,0
2016-761,S354,0,0
2016-761,T336,0,1
2016-761,V354,0,0
2016-761,V295,0,0
2016-761,P405,0,0
2016-761,P324,0,0
2016-761,V122,0,0
2016-761,T019,0,0
2016-761,S338,0,0
2016-761,T263,0,0
2016-761,T287,0,0
2016-762,S073,1,1
2016-762,V212,0,0
2016-762,T178,0,0
2016-762,V164,0,0
2016-762,S138,1,1
2016-762,T220,0,0
2016-762,V011,0,1
2016-762,S247,0,0
2016-762,S218,0,0
2016-762,S439,0,0
2016-762,V276,0,0
2016-762,V260,0,0
2016-763,P423,1,1
2016-763,V341,0,0
2016-763,N432,0,1
2016-763,T326,0,0
2016-763,A063,0,0
2016-763,N177,0,0
2016-763,P099,1,1
2016-763,V302,1,1
2016-763,T059,0,0
2016-763,T333,1,1
2016-763,T298,0,0
2016-764,S399,1,1
2016-764,A049,0,1
2016-764,V273,0,0
2016-764,T232,1,1
2016-764,V022,0,0
2016-764,A059,0,0
2016-764,S291,0,0
2016-764,A144,0,0
2016-764,V401,0,0
2016-764,S324,0,0
2016-764,V074,0,0
2016-764,S130,0,1
2016-765,V017,0,0
2016-765,V347,0,1
2016-765,T427,0,0
2016-765,T210,0,0
2016-765,A007,0,0
2016-765,P435,1,1
2016-765,S216,0,0
2016-765,A163,0,0
2016-765,T248,0,0
2016-765,V200,1,1
2016-765,P212,0,0
2016-765,A195,0,0
2016-766,T100,0,0
2016-766,V288,0,1
2016-766,V279,0,0
2016-766,T046,1,1
2016-766,V020,0,1
2016-766,A218,0,0
2016-766,S199,0,0
2016-766,T055,0,0
2016-766,V131,1,1
2016-766,V016,0,0
2016-766,V081,0,0
2016-766,T368,0,0
2016-767,A066,0,0
2016-767,V186,0,1
2016-767,A134,0,0
2016-767,T151,0,0
2016-767,S242,0,1
2016-767,T379,0,1
2016-767,S253,0,1
2016-767,S298,1,1
2016-767,T193,0,1
2016-767,V381,0,0
2016-767,S332,0,0
2016-767,S264,0,0
2016-768,V412,0,0
2016-768,V229,1,1
2016-768,S385,0,0
2016-768,A203,0,0
2016-768,P106,0,1
2016-768,P429,0,0
2016-768,P041,1,1
2016-768,V012,0,0
2016-768,T024,0,0
2016-768,A064,1,1
2016-769,A277,1,1
2016-769,S349,0,0
2016-769,A123,0,0
2016-769,V089,0,1
2016-769,V185,0,0
2016-769,T373,0,0
2016-769,T345,0,1
2016-769,A222,0,0
2016-769,A318,0,0
2016-769,A348,0,0
2016-769,A307,0,0
2016-769,A278,0,0
2016-769,A174,0,0
2016-769,A255,0,0
2016-778,A079,1,1
2016-778,V256,1,1
2016-778,A037,0,0
2016-778,A296,0,0
2016-778,S280,1,1
2016-778,V390,0,0
2016-778,V248,0,0
2016-778,A071,0,0
2016-778,T349,0,0
2016-778,A253,0,0
2016-778,A295,0,0
2016-778,A251,0,0
2016-778,A351,0,0
2016-778,A235,0,0
2016-770,V313,0,0
2016-770,S424,0,1
2016-770,P066,0,0
2016-770,T022,1,1
2016-770,V141,0,0
2016-770,S441,0,0
2016-770,N387,0,0
2016-770,T079,0,0
2016-770,T039,0,0
2016-770,T123,0,0
2016-770,A031,0,0
2016-770,T356,0,0
2016-770,V064,0,0
2016-771,V375,0,0
2016-771,T423,0,0
2016-771,P128,0,0
2016-771,T045,0,1
2016-771,V179,0,0
2016-771,T329,0,0
2016-771,T203,0,0
2016-771,S376,0,0
2016-771,V060,1,1
2016-771,S300,0,0
2016-771,S074,0,0
2016-771,V317,0,0
2016-771,T418,0,0
2016-771,S176,0,0
2016-772,T146,0,0
2016-772,V326,0,0
2016-772,A172,0,0
2016-772,S437,0,1
2016-772,V188,0,0
2016-772,A118,0,0
2016-772,A246,0,0
2016-772,A239,0,0
2016-772,A232,0,0
2016-772,V189,0,0
2016-773,A006,0,0
2016-773,T138,1,1
2016-773,T422,0,0
2016-773,A267,0,0
2016-773,A276,0,0
2016-773,A045,0,1
2016-773,P400,0,0
2016-773,V391,0,0
2016-773,V117,0,0
2016-773,V418,0,0
2016-773,A204,1,1
2016-773,T031,0,0
2016-773,V284,0,0
2016-773,S301,0,0
2016-774,V378,0,0
2016-774,V001,0,0
2016-774,S326,0,0
2016-774,P425,0,0
2016-774,V247,0,0
2016-774,S121,1,1
2016-774,V323,0,0
2016-774,T385,0,0
2016-774,S147,0,1
2016-774,V336,0,0
2016-774,T416,0,0
2016-774,V154,0,0
2016-774,V072,0,0
2016-774,T159,0,0
2016-775,T262,0,0
2016-775,A041,0,0
2016-775,A098,0,1
2016-775,T375,0,1
2016-775,A115,0,0
2016-775,V142,0,1
2016-775,T355,0,0
2016-775,V372,0,0
2016-775,A194,0,0
2016-775,S269,1,1
2016-775,V057,0,0
2016-775,T184,0,0
2016-775,S260,0,0
2016-775,A293,0,0
2016-776,P267,1,1
2016-776,V111,0,0
2016-776,S312,1,1
2016-776,P421,0,0
2016-776,V187,0,1
2016-776,T342,1,1
2016-776,T094,0,0
2016-776,T236,0,0
2016-776,A003,0,0
2016-776,V333,0,0
2016-776,V423,0,0
2016-777,P373,1,1
2016-777,A202,1,1
2016-777,A133,0,0
2016-777,V176,0,1
2016-777,V024,0,0
2016-777,A260,0,1
2016-777,V069,0,1
2016-777,A109,0,0
2016-777,A088,0,0
2016-777,A135,1,1
2016-777,V019,0,0
2016-777,V217,0,1
2016-777,A230,0,0
2016-777,V236,0,0
2016-779,A207,1,1
2016-779,A308,1,1
2016-779,A301,0,1
2016-779,A271,1,1
2016-779,A200,1,1
2016-779,A283,0,0
2016-779,A220,0,0
2016-779,A198,0,1
2016-779,A325,0,0
2016-779,A019,0,0
2016-779,A070,0,0
2016-779,A020,0,0
2016-788,A297,1,1
2016-788,T349,0,0
2016-788,A218,0,0
2016-788,A050,0,1
2016-788,T376,0,0
2016-788,T391,0,1
2016-788,A196,0,1
2016-788,V071,0,0
2016-788,T361,0,0
2016-788,S420,0,1
2016-788,A137,0,0
2016-788,A247,0,0
2016-788,A233,0,0
2016-788,A131,0,0
2016-780,S241,0,0
2016-780,T042,0,1
2016-780,V215,0,0
2016-780,T071,0,0
2016-780,T258,0,0
2016-780,T027,0,0
2016-780,N387,0,1
2016-780,N186,0,0
2016-780,S070,0,0
2016-780,S320,0,0
2016-780,V091,0,0
2016-780,P295,0,0
2016-780,V309,0,0
2016-780,T259,0,1
2016-781,T380,0,0
2016-781,A110,0,0
2016-781,A266,0,1
2016-781,A081,0,0
2016-781,T224,0,0
2016-781,V301,0,0
2016-781,V123,0,0
2016-781,A018,0,0
2016-781,A053,0,0
2016-781,S138,0,1
2016-781,T339,0,1
2016-781,T412,0,0
2016-781,V087,0,0
2016-781,T332,0,0
2016-782,S367,0,0
2016-782,V255,0,0
2016-782,T381,0,0
2016-782,V226,0,0
2016-782,S204,0,0
2016-782,T073,0,0
2016-782,T359,0,0
2016-782,V182,0,0
2016-782,A281,0,1
2016-782,A068,0,0
2016-782,A270,0,0
2016-782,A185,0,0
2016-783,A177,0,1
2016-783,V026,0,0
2016-783,T091,0,1
2016-783,A047,0,0
2016-783,A130,0,0
2016-783,T226,0,0
2016-783,A039,0,0
2016-783,V421,0,0
2016-783,A106,0,0
2016-783,A104,0,0
2016-783,A280,0,0
2016-783,T099,0,0
2016-783,A221,0,0
2016-783,S240,0,0
2016-784,V254,0,0
2016-784,V055,0,0
2016-784,A100,0,0
2016-784,A097,0,0
2016-784,S054,0,0
2016-784,A294,0,0
2016-784,T010,0,0
2016-784,S200,1,1
2016-784,V404,0,0
2016-784,V232,0,0
2016-784,A197,0,0
2016-784,V368,0,0
2016-785,A152,0,0
2016-785,A189,0,0
2016-785,A030,1,1
2016-785,T092,0,0
2016-785,V403,0,0
2016-785,V089,0,0
2016-785,V312,0,1
2016-785,S244,0,0
2016-785,S245,0,1
2016-785,A140,0,0
2016-785,T256,0,0
2016-785,A029,0,0
2016-785,V416,0,0
2016-785,V216,0,0
2016-786,T254,0,1
2016-786,V264,0,0
2016-786,S442,0,1
2016-786,A011,0,0
2016-786,T392,1,1
2016-786,A022,0,0
2016-786,T313,0,0
2016-786,T334,0,0
2016-786,V118,0,0
2016-786,A216,0,0
2016-786,T248,1,1
2016-786,V394,0,0
2016-787,V125,0,1
2016-787,A214,0,0
2016-787,A129,0,0
2016-787,T114,0,1
2016-787,V246,0,0
2016-787,A002,0,0
2016-787,V184,0,0
2016-787,T197,0,0
2016-787,P230,0,0
2016-787,T109,0,0
2016-787,T315,0,0
2016-787,V133,0,0
2016-789,V413,0,0
2016-789,A117,0,0
2016-789,T284,0,0
2016-789,S185,0,0
2016-789,V386,0,0
2016-789,A268,0,0
2016-789,N317,0,0
2016-789,A259,0,0
2016-789,A219,0,0
2016-789,A289,0,0
2016-790,V295,0,0
2016-790,T002,0,0
2016-790,T203,0,0
2016-790,S113,0,0
2016-790,M255,0,0
2016-790,T295,0,0
2016-790,V044,0,0
2016-790,S087,0,0
2016-790,V155,0,0
2016-790,V392,0,0
2016-790,T288,0,0
2016-790,T079,0,0
2016-791,T223,0,0
2016-791,T338,0,1
2016-791,V303,0,0
2016-791,T183,0,0
2016-791,A004,0,0
2016-791,V400,0,0
2016-791,T218,0,0
2016-791,S218,0,0
2016-791,V408,0,0
2016-791,S247,0,0
2016-791,S078,1,1
2016-791,V212,0,0
2016-792,V273,0,0
2016-792,V221,0,1
2016-792,A052,0,0
2016-792,V010,0,0
2016-792,T300,0,0
2016-792,A179,0,0
2016-792,A145,0,0
2016-792,V121,0,0
2016-792,A059,0,0
2016-792,V274,0,0
2016-792,V107,0,0
2016-792,A235,0,0
2016-793,P310,1,1
2016-793,A008,0,0
2016-793,T331,0,0
2016-793,A089,0,0
2016-793,V135,0,1
2016-793,A231,0,0
2016-793,T341,0,1
2016-793,S216,0,0
2016-793,A022,0,1
2016-793,V014,0,0
2016-793,A157,0,0
2016-793,T018,0,0
2016-794,A071,0,0
2016-794,V126,1,1
2016-794,A305,0,0
2016-794,P429,1,1
2016-794,S399,0,1
2016-794,T024,0,1
2016-794,S280,0,1
2016-794,V053,0,0
2016-794,S397,0,0
2016-794,V293,0,0
2016-794,A007,0,0
2016-794,T405,0,0
2016-795,V288,1,1
2016-795,V013,0,0
2016-795,V279,0,0
2016-795,T093,1,1
2016-795,T281,0,1
2016-795,T409,0,0
2016-795,V134,0,0
2016-795,S447,0,0
2016-795,P423,0,0
2016-795,T390,0,0
2016-795,T145,0,1
2016-795,T363,0,0
2016-796,A252,0,0
2016-796,V310,0,1
2016-796,V052,1,1
2016-796,T011,1,1
2016-796,T293,0,0
2016-796,V092,0,1
2016-796,T200,1,1
2016-796,S162,0,0
2016-796,V128,0,0
2016-796,T171,0,0
2016-796,T051,0,0
2016-796,T400,1,1
2016-797,V108,0,1
2016-797,T280,0,0
2016-797,T429,0,0
2016-797,V283,0,0
2016-797,S441,0,0
2016-797,T054,0,0
2016-797,V252,0,0
2016-797,P269,0,0
2016-797,T253,0,1
2016-797,A012,0,0
2016-797,T285,0,0
2016-797,P257,0,0
2016-806,A257,1,1
2016-806,A287,1,1
2016-806,S419,0,0
2016-806,V379,0,0
2016-806,V235,0,0
2016-806,V256,0,0
2016-806,P396,1,1
2016-806,A006,0,0
2016-806,A217,0,0
2016-806,A337,0,0
2016-806,V250,0,0
2016-806,V118,0,1
2016-807,T242,1,1
2016-807,V214,0,1
2016-807,A098,0,1
2016-807,S358,0,0
2016-807,A041,0,0
2016-807,T375,0,1
2016-807,V372,0,0
2016-807,V186,0,1
2016-807,T396,0,0
2016-807,A183,0,0
2016-807,V099,0,0
2016-807,S298,1,1
2016-807,T371,0,0
2016-807,V411,0,0
2016-798,V406,0,0
2016-798,V354,0,0
2016-798,S121,1,1
2016-798,S346,0,0
2016-798,V091,0,0
2016-798,T203,0,0
2016-798,V122,0,0
2016-798,P293,1,1
2016-798,S205,0,0
2016-798,P354,0,0
2016-798,T019,0,0
2016-798,V159,0,0
2016-798,S446,0,0
2016-799,P400,1,1
2016-799,A128,0,1
2016-799,A266,0,1
2016-799,V088,0,1
2016-799,T289,0,0
2016-799,V130,0,0
2016-799,V086,0,1
2016-799,A307,0,0
2016-799,T129,0,0
2016-799,T031,0,0
2016-799,V402,0,0
2016-799,V242,0,0
2016-800,V243,0,0
2016-800,S106,0,0
2016-800,V001,0,0
2016-800,T202,0,0
2016-800,A005,0,0
2016-800,V157,0,0
2016-800,V171,0,0
2016-800,V207,0,0
2016-800,V022,0,0
2016-800,S138,1,1
2016-800,T373,0,1
2016-800,P272,0,0
2016-800,A023,0,0
2016-800,A348,0,0
2016-801,S414,0,0
2016-801,N248,1,1
2016-801,P151,0,0
2016-801,S388,0,0
2016-801,V213,0,0
2016-801,T105,0,0
2016-801,V244,0,0
2016-801,V039,0,0
2016-801,S147,0,1
2016-801,T108,0,0
2016-801,V263,0,0
2016-801,S100,0,0
2016-801,V403,0,0
2016-801,S379,0,0
2016-802,S096,0,0
2016-802,T265,1,1
2016-802,A110,0,0
2016-802,A027,0,0
2016-802,S426,0,0
2016-802,A222,0,0
2016-802,A055,0,0
2016-802,A276,0,0
2016-802,V102,0,0
2016-802,S278,0,1
2016-802,V205,0,0
2016-802,A153,0,0
2016-802,S098,1,1
2016-803,A095,0,1
2016-803,S312,1,1
2016-803,V192,0,0
2016-803,T094,0,0
2016-803,S332,0,0
2016-803,V361,0,0
2016-803,V321,0,0
2016-803,T376,0,0
2016-803,A120,0,0
2016-803,A096,0,0
2016-803,T046,1,1
2016-803,A109,0,0
2016-803,V381,0,0
2016-803,A135,0,0
2016-804,A066,0,0
2016-804,A113,0,1
2016-804,V397,1,1
2016-804,S393,0,1
2016-804,V181,0,0
2016-804,P230,1,1
2016-804,T118,0,1
2016-804,T198,0,0
2016-805,A248,1,1
2016-805,A168,0,1
2016-805,P363,1,1
2016-805,A164,0,0
2016-805,A286,0,0
2016-805,V176,0,0
2016-805,T117,0,0
2016-805,V040,1,1
2016-805,A139,0,1
2016-805,S362,0,0
2016-805,A163,0,0
2016-805,A249,0,0
2016-805,A352,0,0
